,名字,链接,地址,介绍,开放时间,图片链接,评分,建议游玩时间,建议季节,门票,小贴士,Page
0,塔克拉玛干·三五九旅文化旅游区,http://travel.qunar.com/p-oi37184755-takelamagansanwujiulu:,,塔克拉玛干·三五九旅文化旅游区包括三五九旅屯垦纪念馆、沙漠之门等景点，融合红色旅游、大农业观光、沙漠体育休闲等资源，是新疆建设兵团重要的红色旅游基地。,,,4.5,,,具体收费情况以现场公示为主,,1
1,沙漠之门景区,http://travel.qunar.com/p-oi36223613-shamozhimenjingqu,"

地址:
新疆维吾尔自治区阿拉尔市十一团

",沙漠之门景区，现有汽车越野挑战赛区、自驾车营地、沙漠戏水、沙漠美食节、沙疗康养、休闲娱乐等七大区域数十项主题娱乐体验项目，是国家沙漠主题公园和新疆十大精品体育赛事所在地。在这里，您可以乘坐热气球或滑翔机，以上帝视角俯瞰大沙漠的广袤；可以乘坐沙漠越野车，体验沙漠冲浪的刺激；可以骑上骆驼，体验沙漠之舟的悠闲；可以凭栏小憩，体验沙漠日光浴的温暖；也可以沙漠露营，享受恬静星河下沙漠的悠远。,全年 全天开放,,5.0,建议游览时间：3天,,10元,,1
2,塔里木多浪湖旅游区,http://travel.qunar.com/p-oi35446395-talimuduolanghulu:you,,多浪湖旅游区位于阿拉尔市—阿克苏市之间的主要公路干道—阿塔公路上，拟建的和田—阿克苏沙漠公路、吐木休克市—阿拉尔市沙漠公路、沙雅—阿拉尔市公路及正在实施的玉阿公路使得本地成为各交通干线的交汇点，人流、物流的汇集中心，为本旅游区带来大量游客。多浪湖旅游区反映了阿拉尔垦区经过几代人的艰苦创业，把塔里木河两岸建成了田园似锦、江山如画的塞外江南，为屯垦戍边、稳定边疆、发展新疆做出了卓越贡献。可以让游客正确认识兵团在新疆政治和经济生活中的重要地位和作用，...多浪湖旅游区位于阿拉尔市—阿克苏市之间的主要公路干道—阿塔公路上，拟建的和田—阿克苏沙漠公路、吐木休克市—阿拉尔市沙漠公路、沙雅—阿拉尔市公路及正在实施的玉阿公路使得本地成为各交通干线的交汇点，人流、物流的汇集中心，为本旅游区带来大量游客。多浪湖旅游区反映了阿拉尔垦区经过几代人的艰苦创业，把塔里木河两岸建成了田园似锦、江山如画的塞外江南，为屯垦戍边、稳定边疆、发展新疆做出了卓越贡献。可以让游客正确认识兵团在新疆政治和经济生活中的重要地位和作用，提高兵团在全疆乃至全国的影响力，加速兵团的经济发展。多浪湖旅游区涵盖了水域风光、地文景观、生物景观、消闲求知健身4大类，资源类型较全面，特色鲜明，集求知、观赏及参与于一体，能够满足现代游客的多种旅游需求，塔里木银沙湾景区被评为3A级旅游区。,,,--,,,,,1
3,多浪湖水上乐园,http://travel.qunar.com/p-oi35434924-duolanghushuishangleyuan,,,,,--,,,,,1
4,天祥明珠商业街TianXiang MingZhu ShangYeJie,http://travel.qunar.com/p-oi24440580-tianxiangmingzhushang,,,,,0.0,,,具体收费情况以现场公示为主,,1
5,屯垦纪念馆红色旅游经典景区Tunken Memorial Museum Red Tourism Classic Scenic Spot,http://travel.qunar.com/p-oi20935452-tunkenjinianguanhongse,,,,,0.0,建议游览时间：1小时 - 2小时,,具体收费情况以现场公示为主,,1
6,阿拉尔市文化馆Aral Cultural Center,http://travel.qunar.com/p-oi19538345-alaershiwenhuaguan,"

地址:
阿拉尔市金银川路绿岛小区-苹果苑东侧约130米


电话:
0997-4621561

",阿拉尔市文化馆的外观很宏伟，场馆的面积很大，馆内的设施很齐全，藏品丰富，在这里能够学习到很多知识。,全年 周二-周日 10:30-20:00,https://tr-osdcp.qunarzz.com/tr-osd-tr-manager/img/29449df06d27300b75a78296ff579a5c.jpg_480x360x95_536c03ff.jpg,3.7,建议游览时间：1小时 - 2小时,,具体收费情况以现场公示为主,,1
7,塔里木大学Tarim University,http://travel.qunar.com/p-oi18715962-talimudaxue,,,,,,,,,,1
8,"阿拉尔塔里木河大桥Tarim River Bridge, Alear",http://travel.qunar.com/p-oi18712935-alaertalimuhedaqiao,"

地址:
新疆维吾尔自治区阿拉尔市

",塔里木河大桥建成于1995年，全长605米，引道长673米，它是开发塔里木石油建的第一座大桥，是通向塔克拉玛干大沙漠的必经之桥，是塔里木河上游与中下游的分界点。大桥位于新疆维吾尔自治区阿拉尔市。,全年 全天开放,https://tr-osdcp.qunarzz.com/tr-osd-tr-manager/img/335356c47e80c3f23c61f1ab5d96a833.jpg_480x360x95_db2cd045.jpg,4.5,建议游览时间：0.5小时 - 1小时,,具体收费情况以现场公示为主,,1
9,蓝泊湾生态观光园,http://travel.qunar.com/p-oi9201464-lanbowanshengtaiguanguang,"

地址:
新疆阿拉尔市十团苗木基地

",印象蓝泊湾生态观光园位于十团苗木基地，距离阿拉尔市中心3公里，占地2500亩，是以“创新引领、人才支撑、科技兴农”为宗旨，用现代科学技术提升农业，形成以无土栽培、高档花卉、现代观光农业南果北种为三大支柱的组织培养、科研生产、农业观光为一体的现代科技化农业生产基地，是“阿拉尔国家现代农业示范区核心区”。,10:30-19:00,https://img1.qunarzz.com/travel/poi/1604/95/c1b1479092e9a9f7.jpg_480x360x95_63992bba.jpg,5.0,,,,,1
10,三五九旅屯垦纪念馆Sanwujiulvtunken Memorial Hall,http://travel.qunar.com/p-oi8447889-sanwujiulu:tunkenjinian,"

地址:
阿克苏地区阿拉尔市军垦大道附近


电话:
0997-4623591

",以大量的文物和史料，生动展示了三五九旅进疆屯垦的艰苦历程和辉煌成就。,8:30-17:30,https://img1.qunarzz.com/travel/d2/1410/66/663e468a7744380a213a9cdb.jpg_480x360x95_d74a29c4.jpg,4.7,建议游览时间：1小时 - 2小时,,具体收费情况以现场公示为主,,2
11,塔克拉玛干·三五九旅文化旅游区,http://travel.qunar.com/p-oi37184755-takelamagansanwujiulu:,,塔克拉玛干·三五九旅文化旅游区包括三五九旅屯垦纪念馆、沙漠之门等景点，融合红色旅游、大农业观光、沙漠体育休闲等资源，是新疆建设兵团重要的红色旅游基地。,,,4.5,,,具体收费情况以现场公示为主,,3
12,沙漠之门景区,http://travel.qunar.com/p-oi36223613-shamozhimenjingqu,"

地址:
新疆维吾尔自治区阿拉尔市十一团

",沙漠之门景区，现有汽车越野挑战赛区、自驾车营地、沙漠戏水、沙漠美食节、沙疗康养、休闲娱乐等七大区域数十项主题娱乐体验项目，是国家沙漠主题公园和新疆十大精品体育赛事所在地。在这里，您可以乘坐热气球或滑翔机，以上帝视角俯瞰大沙漠的广袤；可以乘坐沙漠越野车，体验沙漠冲浪的刺激；可以骑上骆驼，体验沙漠之舟的悠闲；可以凭栏小憩，体验沙漠日光浴的温暖；也可以沙漠露营，享受恬静星河下沙漠的悠远。,全年 全天开放,,5.0,建议游览时间：3天,,10元,,3
13,塔里木多浪湖旅游区,http://travel.qunar.com/p-oi35446395-talimuduolanghulu:you,,多浪湖旅游区位于阿拉尔市—阿克苏市之间的主要公路干道—阿塔公路上，拟建的和田—阿克苏沙漠公路、吐木休克市—阿拉尔市沙漠公路、沙雅—阿拉尔市公路及正在实施的玉阿公路使得本地成为各交通干线的交汇点，人流、物流的汇集中心，为本旅游区带来大量游客。多浪湖旅游区反映了阿拉尔垦区经过几代人的艰苦创业，把塔里木河两岸建成了田园似锦、江山如画的塞外江南，为屯垦戍边、稳定边疆、发展新疆做出了卓越贡献。可以让游客正确认识兵团在新疆政治和经济生活中的重要地位和作用，...多浪湖旅游区位于阿拉尔市—阿克苏市之间的主要公路干道—阿塔公路上，拟建的和田—阿克苏沙漠公路、吐木休克市—阿拉尔市沙漠公路、沙雅—阿拉尔市公路及正在实施的玉阿公路使得本地成为各交通干线的交汇点，人流、物流的汇集中心，为本旅游区带来大量游客。多浪湖旅游区反映了阿拉尔垦区经过几代人的艰苦创业，把塔里木河两岸建成了田园似锦、江山如画的塞外江南，为屯垦戍边、稳定边疆、发展新疆做出了卓越贡献。可以让游客正确认识兵团在新疆政治和经济生活中的重要地位和作用，提高兵团在全疆乃至全国的影响力，加速兵团的经济发展。多浪湖旅游区涵盖了水域风光、地文景观、生物景观、消闲求知健身4大类，资源类型较全面，特色鲜明，集求知、观赏及参与于一体，能够满足现代游客的多种旅游需求，塔里木银沙湾景区被评为3A级旅游区。,,,--,,,,,3
14,多浪湖水上乐园,http://travel.qunar.com/p-oi35434924-duolanghushuishangleyuan,,,,,--,,,,,3
15,天祥明珠商业街TianXiang MingZhu ShangYeJie,http://travel.qunar.com/p-oi24440580-tianxiangmingzhushang,,,,,0.0,,,具体收费情况以现场公示为主,,3
16,屯垦纪念馆红色旅游经典景区Tunken Memorial Museum Red Tourism Classic Scenic Spot,http://travel.qunar.com/p-oi20935452-tunkenjinianguanhongse,,,,,0.0,建议游览时间：1小时 - 2小时,,具体收费情况以现场公示为主,,3
17,阿拉尔市文化馆Aral Cultural Center,http://travel.qunar.com/p-oi19538345-alaershiwenhuaguan,"

地址:
阿拉尔市金银川路绿岛小区-苹果苑东侧约130米


电话:
0997-4621561

",阿拉尔市文化馆的外观很宏伟，场馆的面积很大，馆内的设施很齐全，藏品丰富，在这里能够学习到很多知识。,全年 周二-周日 10:30-20:00,https://tr-osdcp.qunarzz.com/tr-osd-tr-manager/img/29449df06d27300b75a78296ff579a5c.jpg_480x360x95_536c03ff.jpg,3.7,建议游览时间：1小时 - 2小时,,具体收费情况以现场公示为主,,3
18,塔里木大学Tarim University,http://travel.qunar.com/p-oi18715962-talimudaxue,"

地址:
新疆维吾尔自治区，阿拉尔


电话:
0997-4680614

",塔里木大学简称为“塔大”，创办于1958年10月，当时取名叫“塔里木河农业大学”。1977年秋恢复高考，塔里木大学直属农业部，在2003年获得硕士学位授予权，于2004年5月经教育部批准，更名为“塔里木大学”，为中央和新疆生产建设兵团共建。列入国家“2011计划”、“全国深化创新创业教育改革示范高校”，是中国农业大学、北京化工大学等国家重点高校对口支援高校。根据2018年6月学校官网，校园占地面积为2554亩，校舍建筑面积达62.3万平方米；专任教师854人；有11个学院，55个本科专业...塔里木大学简称为“塔大”，创办于1958年10月，当时取名叫“塔里木河农业大学”。1977年秋恢复高考，塔里木大学直属农业部，在2003年获得硕士学位授予权，于2004年5月经教育部批准，更名为“塔里木大学”，为中央和新疆生产建设兵团共建。列入国家“2011计划”、“全国深化创新创业教育改革示范高校”，是中国农业大学、北京化工大学等国家重点高校对口支援高校。根据2018年6月学校官网，校园占地面积为2554亩，校舍建筑面积达62.3万平方米；专任教师854人；有11个学院，55个本科专业；有全日制学生14000余人，其中少数民族学生占30%，内地生源学生占41%，硕士研究生为488人；图书馆藏书有130万册。在2019年4月23日，荣获全国五一劳动奖状,全年 全天开放,https://tr-osdcp.qunarzz.com/tr-osd-tr-manager/img/977c264a3b81451b93c35dc314a6f3b1.jpg_480x360x95_932368b3.jpg,4.6,建议游览时间：1小时 - 2小时,,具体收费情况以现场公示为主,,3
19,"阿拉尔塔里木河大桥Tarim River Bridge, Alear",http://travel.qunar.com/p-oi18712935-alaertalimuhedaqiao,"

地址:
新疆维吾尔自治区阿拉尔市

",塔里木河大桥建成于1995年，全长605米，引道长673米，它是开发塔里木石油建的第一座大桥，是通向塔克拉玛干大沙漠的必经之桥，是塔里木河上游与中下游的分界点。大桥位于新疆维吾尔自治区阿拉尔市。,全年 全天开放,https://tr-osdcp.qunarzz.com/tr-osd-tr-manager/img/335356c47e80c3f23c61f1ab5d96a833.jpg_480x360x95_db2cd045.jpg,4.5,建议游览时间：0.5小时 - 1小时,,具体收费情况以现场公示为主,,3
20,蓝泊湾生态观光园,http://travel.qunar.com/p-oi9201464-lanbowanshengtaiguanguang,"

地址:
新疆阿拉尔市十团苗木基地

",印象蓝泊湾生态观光园位于十团苗木基地，距离阿拉尔市中心3公里，占地2500亩，是以“创新引领、人才支撑、科技兴农”为宗旨，用现代科学技术提升农业，形成以无土栽培、高档花卉、现代观光农业南果北种为三大支柱的组织培养、科研生产、农业观光为一体的现代科技化农业生产基地，是“阿拉尔国家现代农业示范区核心区”。,10:30-19:00,https://img1.qunarzz.com/travel/poi/1604/95/c1b1479092e9a9f7.jpg_480x360x95_63992bba.jpg,5.0,,,,,3
21,塔克拉玛干·三五九旅文化旅游区,http://travel.qunar.com/p-oi37184755-takelamagansanwujiulu:,,,,,,,,,,4
22,沙漠之门景区,http://travel.qunar.com/p-oi36223613-shamozhimenjingqu,"

地址:
新疆维吾尔自治区阿拉尔市十一团

",沙漠之门景区，现有汽车越野挑战赛区、自驾车营地、沙漠戏水、沙漠美食节、沙疗康养、休闲娱乐等七大区域数十项主题娱乐体验项目，是国家沙漠主题公园和新疆十大精品体育赛事所在地。在这里，您可以乘坐热气球或滑翔机，以上帝视角俯瞰大沙漠的广袤；可以乘坐沙漠越野车，体验沙漠冲浪的刺激；可以骑上骆驼，体验沙漠之舟的悠闲；可以凭栏小憩，体验沙漠日光浴的温暖；也可以沙漠露营，享受恬静星河下沙漠的悠远。,全年 全天开放,,5.0,建议游览时间：3天,,10元,,4
23,塔里木多浪湖旅游区,http://travel.qunar.com/p-oi35446395-talimuduolanghulu:you,,多浪湖旅游区位于阿拉尔市—阿克苏市之间的主要公路干道—阿塔公路上，拟建的和田—阿克苏沙漠公路、吐木休克市—阿拉尔市沙漠公路、沙雅—阿拉尔市公路及正在实施的玉阿公路使得本地成为各交通干线的交汇点，人流、物流的汇集中心，为本旅游区带来大量游客。多浪湖旅游区反映了阿拉尔垦区经过几代人的艰苦创业，把塔里木河两岸建成了田园似锦、江山如画的塞外江南，为屯垦戍边、稳定边疆、发展新疆做出了卓越贡献。可以让游客正确认识兵团在新疆政治和经济生活中的重要地位和作用，...多浪湖旅游区位于阿拉尔市—阿克苏市之间的主要公路干道—阿塔公路上，拟建的和田—阿克苏沙漠公路、吐木休克市—阿拉尔市沙漠公路、沙雅—阿拉尔市公路及正在实施的玉阿公路使得本地成为各交通干线的交汇点，人流、物流的汇集中心，为本旅游区带来大量游客。多浪湖旅游区反映了阿拉尔垦区经过几代人的艰苦创业，把塔里木河两岸建成了田园似锦、江山如画的塞外江南，为屯垦戍边、稳定边疆、发展新疆做出了卓越贡献。可以让游客正确认识兵团在新疆政治和经济生活中的重要地位和作用，提高兵团在全疆乃至全国的影响力，加速兵团的经济发展。多浪湖旅游区涵盖了水域风光、地文景观、生物景观、消闲求知健身4大类，资源类型较全面，特色鲜明，集求知、观赏及参与于一体，能够满足现代游客的多种旅游需求，塔里木银沙湾景区被评为3A级旅游区。,,,--,,,,,4
24,多浪湖水上乐园,http://travel.qunar.com/p-oi35434924-duolanghushuishangleyuan,,,,,--,,,,,4
25,天祥明珠商业街TianXiang MingZhu ShangYeJie,http://travel.qunar.com/p-oi24440580-tianxiangmingzhushang,,,,,0.0,,,具体收费情况以现场公示为主,,4
26,屯垦纪念馆红色旅游经典景区Tunken Memorial Museum Red Tourism Classic Scenic Spot,http://travel.qunar.com/p-oi20935452-tunkenjinianguanhongse,,,,,0.0,建议游览时间：1小时 - 2小时,,具体收费情况以现场公示为主,,4
27,阿拉尔市文化馆Aral Cultural Center,http://travel.qunar.com/p-oi19538345-alaershiwenhuaguan,"

地址:
阿拉尔市金银川路绿岛小区-苹果苑东侧约130米


电话:
0997-4621561

",阿拉尔市文化馆的外观很宏伟，场馆的面积很大，馆内的设施很齐全，藏品丰富，在这里能够学习到很多知识。,全年 周二-周日 10:30-20:00,https://tr-osdcp.qunarzz.com/tr-osd-tr-manager/img/29449df06d27300b75a78296ff579a5c.jpg_480x360x95_536c03ff.jpg,3.7,建议游览时间：1小时 - 2小时,,具体收费情况以现场公示为主,,4
28,塔里木大学Tarim University,http://travel.qunar.com/p-oi18715962-talimudaxue,"

地址:
新疆维吾尔自治区，阿拉尔


电话:
0997-4680614

",塔里木大学简称为“塔大”，创办于1958年10月，当时取名叫“塔里木河农业大学”。1977年秋恢复高考，塔里木大学直属农业部，在2003年获得硕士学位授予权，于2004年5月经教育部批准，更名为“塔里木大学”，为中央和新疆生产建设兵团共建。列入国家“2011计划”、“全国深化创新创业教育改革示范高校”，是中国农业大学、北京化工大学等国家重点高校对口支援高校。根据2018年6月学校官网，校园占地面积为2554亩，校舍建筑面积达62.3万平方米；专任教师854人；有11个学院，55个本科专业...塔里木大学简称为“塔大”，创办于1958年10月，当时取名叫“塔里木河农业大学”。1977年秋恢复高考，塔里木大学直属农业部，在2003年获得硕士学位授予权，于2004年5月经教育部批准，更名为“塔里木大学”，为中央和新疆生产建设兵团共建。列入国家“2011计划”、“全国深化创新创业教育改革示范高校”，是中国农业大学、北京化工大学等国家重点高校对口支援高校。根据2018年6月学校官网，校园占地面积为2554亩，校舍建筑面积达62.3万平方米；专任教师854人；有11个学院，55个本科专业；有全日制学生14000余人，其中少数民族学生占30%，内地生源学生占41%，硕士研究生为488人；图书馆藏书有130万册。在2019年4月23日，荣获全国五一劳动奖状,全年 全天开放,https://tr-osdcp.qunarzz.com/tr-osd-tr-manager/img/977c264a3b81451b93c35dc314a6f3b1.jpg_480x360x95_932368b3.jpg,4.6,建议游览时间：1小时 - 2小时,,具体收费情况以现场公示为主,,4
29,"阿拉尔塔里木河大桥Tarim River Bridge, Alear",http://travel.qunar.com/p-oi18712935-alaertalimuhedaqiao,"

地址:
新疆维吾尔自治区阿拉尔市

",塔里木河大桥建成于1995年，全长605米，引道长673米，它是开发塔里木石油建的第一座大桥，是通向塔克拉玛干大沙漠的必经之桥，是塔里木河上游与中下游的分界点。大桥位于新疆维吾尔自治区阿拉尔市。,全年 全天开放,https://tr-osdcp.qunarzz.com/tr-osd-tr-manager/img/335356c47e80c3f23c61f1ab5d96a833.jpg_480x360x95_db2cd045.jpg,4.5,建议游览时间：0.5小时 - 1小时,,具体收费情况以现场公示为主,,4
30,蓝泊湾生态观光园,http://travel.qunar.com/p-oi9201464-lanbowanshengtaiguanguang,"

地址:
新疆阿拉尔市十团苗木基地

",印象蓝泊湾生态观光园位于十团苗木基地，距离阿拉尔市中心3公里，占地2500亩，是以“创新引领、人才支撑、科技兴农”为宗旨，用现代科学技术提升农业，形成以无土栽培、高档花卉、现代观光农业南果北种为三大支柱的组织培养、科研生产、农业观光为一体的现代科技化农业生产基地，是“阿拉尔国家现代农业示范区核心区”。,10:30-19:00,https://img1.qunarzz.com/travel/poi/1604/95/c1b1479092e9a9f7.jpg_480x360x95_63992bba.jpg,5.0,,,,,4
31,塔克拉玛干·三五九旅文化旅游区,http://travel.qunar.com/p-oi37184755-takelamagansanwujiulu:,,塔克拉玛干·三五九旅文化旅游区包括三五九旅屯垦纪念馆、沙漠之门等景点，融合红色旅游、大农业观光、沙漠体育休闲等资源，是新疆建设兵团重要的红色旅游基地。,,,4.5,,,具体收费情况以现场公示为主,,5
32,沙漠之门景区,http://travel.qunar.com/p-oi36223613-shamozhimenjingqu,"

地址:
新疆维吾尔自治区阿拉尔市十一团

",沙漠之门景区，现有汽车越野挑战赛区、自驾车营地、沙漠戏水、沙漠美食节、沙疗康养、休闲娱乐等七大区域数十项主题娱乐体验项目，是国家沙漠主题公园和新疆十大精品体育赛事所在地。在这里，您可以乘坐热气球或滑翔机，以上帝视角俯瞰大沙漠的广袤；可以乘坐沙漠越野车，体验沙漠冲浪的刺激；可以骑上骆驼，体验沙漠之舟的悠闲；可以凭栏小憩，体验沙漠日光浴的温暖；也可以沙漠露营，享受恬静星河下沙漠的悠远。,全年 全天开放,,5.0,建议游览时间：3天,,10元,,5
33,塔里木多浪湖旅游区,http://travel.qunar.com/p-oi35446395-talimuduolanghulu:you,,多浪湖旅游区位于阿拉尔市—阿克苏市之间的主要公路干道—阿塔公路上，拟建的和田—阿克苏沙漠公路、吐木休克市—阿拉尔市沙漠公路、沙雅—阿拉尔市公路及正在实施的玉阿公路使得本地成为各交通干线的交汇点，人流、物流的汇集中心，为本旅游区带来大量游客。多浪湖旅游区反映了阿拉尔垦区经过几代人的艰苦创业，把塔里木河两岸建成了田园似锦、江山如画的塞外江南，为屯垦戍边、稳定边疆、发展新疆做出了卓越贡献。可以让游客正确认识兵团在新疆政治和经济生活中的重要地位和作用，...多浪湖旅游区位于阿拉尔市—阿克苏市之间的主要公路干道—阿塔公路上，拟建的和田—阿克苏沙漠公路、吐木休克市—阿拉尔市沙漠公路、沙雅—阿拉尔市公路及正在实施的玉阿公路使得本地成为各交通干线的交汇点，人流、物流的汇集中心，为本旅游区带来大量游客。多浪湖旅游区反映了阿拉尔垦区经过几代人的艰苦创业，把塔里木河两岸建成了田园似锦、江山如画的塞外江南，为屯垦戍边、稳定边疆、发展新疆做出了卓越贡献。可以让游客正确认识兵团在新疆政治和经济生活中的重要地位和作用，提高兵团在全疆乃至全国的影响力，加速兵团的经济发展。多浪湖旅游区涵盖了水域风光、地文景观、生物景观、消闲求知健身4大类，资源类型较全面，特色鲜明，集求知、观赏及参与于一体，能够满足现代游客的多种旅游需求，塔里木银沙湾景区被评为3A级旅游区。,,,--,,,,,5
34,多浪湖水上乐园,http://travel.qunar.com/p-oi35434924-duolanghushuishangleyuan,,,,,--,,,,,5
35,天祥明珠商业街TianXiang MingZhu ShangYeJie,http://travel.qunar.com/p-oi24440580-tianxiangmingzhushang,,,,,0.0,,,具体收费情况以现场公示为主,,5
36,屯垦纪念馆红色旅游经典景区Tunken Memorial Museum Red Tourism Classic Scenic Spot,http://travel.qunar.com/p-oi20935452-tunkenjinianguanhongse,,,,,0.0,建议游览时间：1小时 - 2小时,,具体收费情况以现场公示为主,,5
37,阿拉尔市文化馆Aral Cultural Center,http://travel.qunar.com/p-oi19538345-alaershiwenhuaguan,"

地址:
阿拉尔市金银川路绿岛小区-苹果苑东侧约130米


电话:
0997-4621561

",阿拉尔市文化馆的外观很宏伟，场馆的面积很大，馆内的设施很齐全，藏品丰富，在这里能够学习到很多知识。,全年 周二-周日 10:30-20:00,https://tr-osdcp.qunarzz.com/tr-osd-tr-manager/img/29449df06d27300b75a78296ff579a5c.jpg_480x360x95_536c03ff.jpg,3.7,建议游览时间：1小时 - 2小时,,具体收费情况以现场公示为主,,5
38,塔里木大学Tarim University,http://travel.qunar.com/p-oi18715962-talimudaxue,,,,,,,,,,5
39,"阿拉尔塔里木河大桥Tarim River Bridge, Alear",http://travel.qunar.com/p-oi18712935-alaertalimuhedaqiao,"

地址:
新疆维吾尔自治区阿拉尔市

",塔里木河大桥建成于1995年，全长605米，引道长673米，它是开发塔里木石油建的第一座大桥，是通向塔克拉玛干大沙漠的必经之桥，是塔里木河上游与中下游的分界点。大桥位于新疆维吾尔自治区阿拉尔市。,全年 全天开放,https://tr-osdcp.qunarzz.com/tr-osd-tr-manager/img/335356c47e80c3f23c61f1ab5d96a833.jpg_480x360x95_db2cd045.jpg,4.5,建议游览时间：0.5小时 - 1小时,,具体收费情况以现场公示为主,,5
40,蓝泊湾生态观光园,http://travel.qunar.com/p-oi9201464-lanbowanshengtaiguanguang,"

地址:
新疆阿拉尔市十团苗木基地

",印象蓝泊湾生态观光园位于十团苗木基地，距离阿拉尔市中心3公里，占地2500亩，是以“创新引领、人才支撑、科技兴农”为宗旨，用现代科学技术提升农业，形成以无土栽培、高档花卉、现代观光农业南果北种为三大支柱的组织培养、科研生产、农业观光为一体的现代科技化农业生产基地，是“阿拉尔国家现代农业示范区核心区”。,10:30-19:00,https://img1.qunarzz.com/travel/poi/1604/95/c1b1479092e9a9f7.jpg_480x360x95_63992bba.jpg,5.0,,,,,5
41,塔克拉玛干·三五九旅文化旅游区,http://travel.qunar.com/p-oi37184755-takelamagansanwujiulu:,,塔克拉玛干·三五九旅文化旅游区包括三五九旅屯垦纪念馆、沙漠之门等景点，融合红色旅游、大农业观光、沙漠体育休闲等资源，是新疆建设兵团重要的红色旅游基地。,,,4.5,,,具体收费情况以现场公示为主,,6
42,沙漠之门景区,http://travel.qunar.com/p-oi36223613-shamozhimenjingqu,"

地址:
新疆维吾尔自治区阿拉尔市十一团

",沙漠之门景区，现有汽车越野挑战赛区、自驾车营地、沙漠戏水、沙漠美食节、沙疗康养、休闲娱乐等七大区域数十项主题娱乐体验项目，是国家沙漠主题公园和新疆十大精品体育赛事所在地。在这里，您可以乘坐热气球或滑翔机，以上帝视角俯瞰大沙漠的广袤；可以乘坐沙漠越野车，体验沙漠冲浪的刺激；可以骑上骆驼，体验沙漠之舟的悠闲；可以凭栏小憩，体验沙漠日光浴的温暖；也可以沙漠露营，享受恬静星河下沙漠的悠远。,全年 全天开放,,5.0,建议游览时间：3天,,10元,,6
43,塔里木多浪湖旅游区,http://travel.qunar.com/p-oi35446395-talimuduolanghulu:you,,多浪湖旅游区位于阿拉尔市—阿克苏市之间的主要公路干道—阿塔公路上，拟建的和田—阿克苏沙漠公路、吐木休克市—阿拉尔市沙漠公路、沙雅—阿拉尔市公路及正在实施的玉阿公路使得本地成为各交通干线的交汇点，人流、物流的汇集中心，为本旅游区带来大量游客。多浪湖旅游区反映了阿拉尔垦区经过几代人的艰苦创业，把塔里木河两岸建成了田园似锦、江山如画的塞外江南，为屯垦戍边、稳定边疆、发展新疆做出了卓越贡献。可以让游客正确认识兵团在新疆政治和经济生活中的重要地位和作用，...多浪湖旅游区位于阿拉尔市—阿克苏市之间的主要公路干道—阿塔公路上，拟建的和田—阿克苏沙漠公路、吐木休克市—阿拉尔市沙漠公路、沙雅—阿拉尔市公路及正在实施的玉阿公路使得本地成为各交通干线的交汇点，人流、物流的汇集中心，为本旅游区带来大量游客。多浪湖旅游区反映了阿拉尔垦区经过几代人的艰苦创业，把塔里木河两岸建成了田园似锦、江山如画的塞外江南，为屯垦戍边、稳定边疆、发展新疆做出了卓越贡献。可以让游客正确认识兵团在新疆政治和经济生活中的重要地位和作用，提高兵团在全疆乃至全国的影响力，加速兵团的经济发展。多浪湖旅游区涵盖了水域风光、地文景观、生物景观、消闲求知健身4大类，资源类型较全面，特色鲜明，集求知、观赏及参与于一体，能够满足现代游客的多种旅游需求，塔里木银沙湾景区被评为3A级旅游区。,,,--,,,,,6
44,多浪湖水上乐园,http://travel.qunar.com/p-oi35434924-duolanghushuishangleyuan,,,,,--,,,,,6
45,天祥明珠商业街TianXiang MingZhu ShangYeJie,http://travel.qunar.com/p-oi24440580-tianxiangmingzhushang,,,,,0.0,,,具体收费情况以现场公示为主,,6
46,屯垦纪念馆红色旅游经典景区Tunken Memorial Museum Red Tourism Classic Scenic Spot,http://travel.qunar.com/p-oi20935452-tunkenjinianguanhongse,,,,,0.0,建议游览时间：1小时 - 2小时,,具体收费情况以现场公示为主,,6
47,阿拉尔市文化馆Aral Cultural Center,http://travel.qunar.com/p-oi19538345-alaershiwenhuaguan,"

地址:
阿拉尔市金银川路绿岛小区-苹果苑东侧约130米


电话:
0997-4621561

",阿拉尔市文化馆的外观很宏伟，场馆的面积很大，馆内的设施很齐全，藏品丰富，在这里能够学习到很多知识。,全年 周二-周日 10:30-20:00,https://tr-osdcp.qunarzz.com/tr-osd-tr-manager/img/29449df06d27300b75a78296ff579a5c.jpg_480x360x95_536c03ff.jpg,3.7,建议游览时间：1小时 - 2小时,,具体收费情况以现场公示为主,,6
48,塔里木大学Tarim University,http://travel.qunar.com/p-oi18715962-talimudaxue,"

地址:
新疆维吾尔自治区，阿拉尔


电话:
0997-4680614

",塔里木大学简称为“塔大”，创办于1958年10月，当时取名叫“塔里木河农业大学”。1977年秋恢复高考，塔里木大学直属农业部，在2003年获得硕士学位授予权，于2004年5月经教育部批准，更名为“塔里木大学”，为中央和新疆生产建设兵团共建。列入国家“2011计划”、“全国深化创新创业教育改革示范高校”，是中国农业大学、北京化工大学等国家重点高校对口支援高校。根据2018年6月学校官网，校园占地面积为2554亩，校舍建筑面积达62.3万平方米；专任教师854人；有11个学院，55个本科专业...塔里木大学简称为“塔大”，创办于1958年10月，当时取名叫“塔里木河农业大学”。1977年秋恢复高考，塔里木大学直属农业部，在2003年获得硕士学位授予权，于2004年5月经教育部批准，更名为“塔里木大学”，为中央和新疆生产建设兵团共建。列入国家“2011计划”、“全国深化创新创业教育改革示范高校”，是中国农业大学、北京化工大学等国家重点高校对口支援高校。根据2018年6月学校官网，校园占地面积为2554亩，校舍建筑面积达62.3万平方米；专任教师854人；有11个学院，55个本科专业；有全日制学生14000余人，其中少数民族学生占30%，内地生源学生占41%，硕士研究生为488人；图书馆藏书有130万册。在2019年4月23日，荣获全国五一劳动奖状,全年 全天开放,https://tr-osdcp.qunarzz.com/tr-osd-tr-manager/img/977c264a3b81451b93c35dc314a6f3b1.jpg_480x360x95_932368b3.jpg,4.6,建议游览时间：1小时 - 2小时,,具体收费情况以现场公示为主,,6
49,"阿拉尔塔里木河大桥Tarim River Bridge, Alear",http://travel.qunar.com/p-oi18712935-alaertalimuhedaqiao,"

地址:
新疆维吾尔自治区阿拉尔市

",塔里木河大桥建成于1995年，全长605米，引道长673米，它是开发塔里木石油建的第一座大桥，是通向塔克拉玛干大沙漠的必经之桥，是塔里木河上游与中下游的分界点。大桥位于新疆维吾尔自治区阿拉尔市。,全年 全天开放,https://tr-osdcp.qunarzz.com/tr-osd-tr-manager/img/335356c47e80c3f23c61f1ab5d96a833.jpg_480x360x95_db2cd045.jpg,4.5,建议游览时间：0.5小时 - 1小时,,具体收费情况以现场公示为主,,6
50,蓝泊湾生态观光园,http://travel.qunar.com/p-oi9201464-lanbowanshengtaiguanguang,"

地址:
新疆阿拉尔市十团苗木基地

",印象蓝泊湾生态观光园位于十团苗木基地，距离阿拉尔市中心3公里，占地2500亩，是以“创新引领、人才支撑、科技兴农”为宗旨，用现代科学技术提升农业，形成以无土栽培、高档花卉、现代观光农业南果北种为三大支柱的组织培养、科研生产、农业观光为一体的现代科技化农业生产基地，是“阿拉尔国家现代农业示范区核心区”。,10:30-19:00,https://img1.qunarzz.com/travel/poi/1604/95/c1b1479092e9a9f7.jpg_480x360x95_63992bba.jpg,5.0,,,,,6
51,塔克拉玛干·三五九旅文化旅游区,http://travel.qunar.com/p-oi37184755-takelamagansanwujiulu:,,塔克拉玛干·三五九旅文化旅游区包括三五九旅屯垦纪念馆、沙漠之门等景点，融合红色旅游、大农业观光、沙漠体育休闲等资源，是新疆建设兵团重要的红色旅游基地。,,,4.5,,,具体收费情况以现场公示为主,,7
52,沙漠之门景区,http://travel.qunar.com/p-oi36223613-shamozhimenjingqu,"

地址:
新疆维吾尔自治区阿拉尔市十一团

",沙漠之门景区，现有汽车越野挑战赛区、自驾车营地、沙漠戏水、沙漠美食节、沙疗康养、休闲娱乐等七大区域数十项主题娱乐体验项目，是国家沙漠主题公园和新疆十大精品体育赛事所在地。在这里，您可以乘坐热气球或滑翔机，以上帝视角俯瞰大沙漠的广袤；可以乘坐沙漠越野车，体验沙漠冲浪的刺激；可以骑上骆驼，体验沙漠之舟的悠闲；可以凭栏小憩，体验沙漠日光浴的温暖；也可以沙漠露营，享受恬静星河下沙漠的悠远。,全年 全天开放,,5.0,建议游览时间：3天,,10元,,7
53,塔里木多浪湖旅游区,http://travel.qunar.com/p-oi35446395-talimuduolanghulu:you,,多浪湖旅游区位于阿拉尔市—阿克苏市之间的主要公路干道—阿塔公路上，拟建的和田—阿克苏沙漠公路、吐木休克市—阿拉尔市沙漠公路、沙雅—阿拉尔市公路及正在实施的玉阿公路使得本地成为各交通干线的交汇点，人流、物流的汇集中心，为本旅游区带来大量游客。多浪湖旅游区反映了阿拉尔垦区经过几代人的艰苦创业，把塔里木河两岸建成了田园似锦、江山如画的塞外江南，为屯垦戍边、稳定边疆、发展新疆做出了卓越贡献。可以让游客正确认识兵团在新疆政治和经济生活中的重要地位和作用，...多浪湖旅游区位于阿拉尔市—阿克苏市之间的主要公路干道—阿塔公路上，拟建的和田—阿克苏沙漠公路、吐木休克市—阿拉尔市沙漠公路、沙雅—阿拉尔市公路及正在实施的玉阿公路使得本地成为各交通干线的交汇点，人流、物流的汇集中心，为本旅游区带来大量游客。多浪湖旅游区反映了阿拉尔垦区经过几代人的艰苦创业，把塔里木河两岸建成了田园似锦、江山如画的塞外江南，为屯垦戍边、稳定边疆、发展新疆做出了卓越贡献。可以让游客正确认识兵团在新疆政治和经济生活中的重要地位和作用，提高兵团在全疆乃至全国的影响力，加速兵团的经济发展。多浪湖旅游区涵盖了水域风光、地文景观、生物景观、消闲求知健身4大类，资源类型较全面，特色鲜明，集求知、观赏及参与于一体，能够满足现代游客的多种旅游需求，塔里木银沙湾景区被评为3A级旅游区。,,,--,,,,,7
54,多浪湖水上乐园,http://travel.qunar.com/p-oi35434924-duolanghushuishangleyuan,,,,,--,,,,,7
55,天祥明珠商业街TianXiang MingZhu ShangYeJie,http://travel.qunar.com/p-oi24440580-tianxiangmingzhushang,,,,,0.0,,,具体收费情况以现场公示为主,,7
56,屯垦纪念馆红色旅游经典景区Tunken Memorial Museum Red Tourism Classic Scenic Spot,http://travel.qunar.com/p-oi20935452-tunkenjinianguanhongse,,,,,0.0,建议游览时间：1小时 - 2小时,,具体收费情况以现场公示为主,,7
57,阿拉尔市文化馆Aral Cultural Center,http://travel.qunar.com/p-oi19538345-alaershiwenhuaguan,"

地址:
阿拉尔市金银川路绿岛小区-苹果苑东侧约130米


电话:
0997-4621561

",阿拉尔市文化馆的外观很宏伟，场馆的面积很大，馆内的设施很齐全，藏品丰富，在这里能够学习到很多知识。,全年 周二-周日 10:30-20:00,https://tr-osdcp.qunarzz.com/tr-osd-tr-manager/img/29449df06d27300b75a78296ff579a5c.jpg_480x360x95_536c03ff.jpg,3.7,建议游览时间：1小时 - 2小时,,具体收费情况以现场公示为主,,7
58,塔里木大学Tarim University,http://travel.qunar.com/p-oi18715962-talimudaxue,,,,,,,,,,7
59,"阿拉尔塔里木河大桥Tarim River Bridge, Alear",http://travel.qunar.com/p-oi18712935-alaertalimuhedaqiao,"

地址:
新疆维吾尔自治区阿拉尔市

",塔里木河大桥建成于1995年，全长605米，引道长673米，它是开发塔里木石油建的第一座大桥，是通向塔克拉玛干大沙漠的必经之桥，是塔里木河上游与中下游的分界点。大桥位于新疆维吾尔自治区阿拉尔市。,全年 全天开放,https://tr-osdcp.qunarzz.com/tr-osd-tr-manager/img/335356c47e80c3f23c61f1ab5d96a833.jpg_480x360x95_db2cd045.jpg,4.5,建议游览时间：0.5小时 - 1小时,,具体收费情况以现场公示为主,,7
60,蓝泊湾生态观光园,http://travel.qunar.com/p-oi9201464-lanbowanshengtaiguanguang,"

地址:
新疆阿拉尔市十团苗木基地

",印象蓝泊湾生态观光园位于十团苗木基地，距离阿拉尔市中心3公里，占地2500亩，是以“创新引领、人才支撑、科技兴农”为宗旨，用现代科学技术提升农业，形成以无土栽培、高档花卉、现代观光农业南果北种为三大支柱的组织培养、科研生产、农业观光为一体的现代科技化农业生产基地，是“阿拉尔国家现代农业示范区核心区”。,10:30-19:00,https://img1.qunarzz.com/travel/poi/1604/95/c1b1479092e9a9f7.jpg_480x360x95_63992bba.jpg,5.0,,,,,7
61,塔克拉玛干·三五九旅文化旅游区,http://travel.qunar.com/p-oi37184755-takelamagansanwujiulu:,,塔克拉玛干·三五九旅文化旅游区包括三五九旅屯垦纪念馆、沙漠之门等景点，融合红色旅游、大农业观光、沙漠体育休闲等资源，是新疆建设兵团重要的红色旅游基地。,,,4.5,,,具体收费情况以现场公示为主,,8
62,沙漠之门景区,http://travel.qunar.com/p-oi36223613-shamozhimenjingqu,"

地址:
新疆维吾尔自治区阿拉尔市十一团

",沙漠之门景区，现有汽车越野挑战赛区、自驾车营地、沙漠戏水、沙漠美食节、沙疗康养、休闲娱乐等七大区域数十项主题娱乐体验项目，是国家沙漠主题公园和新疆十大精品体育赛事所在地。在这里，您可以乘坐热气球或滑翔机，以上帝视角俯瞰大沙漠的广袤；可以乘坐沙漠越野车，体验沙漠冲浪的刺激；可以骑上骆驼，体验沙漠之舟的悠闲；可以凭栏小憩，体验沙漠日光浴的温暖；也可以沙漠露营，享受恬静星河下沙漠的悠远。,全年 全天开放,,5.0,建议游览时间：3天,,10元,,8
63,塔里木多浪湖旅游区,http://travel.qunar.com/p-oi35446395-talimuduolanghulu:you,,多浪湖旅游区位于阿拉尔市—阿克苏市之间的主要公路干道—阿塔公路上，拟建的和田—阿克苏沙漠公路、吐木休克市—阿拉尔市沙漠公路、沙雅—阿拉尔市公路及正在实施的玉阿公路使得本地成为各交通干线的交汇点，人流、物流的汇集中心，为本旅游区带来大量游客。多浪湖旅游区反映了阿拉尔垦区经过几代人的艰苦创业，把塔里木河两岸建成了田园似锦、江山如画的塞外江南，为屯垦戍边、稳定边疆、发展新疆做出了卓越贡献。可以让游客正确认识兵团在新疆政治和经济生活中的重要地位和作用，...多浪湖旅游区位于阿拉尔市—阿克苏市之间的主要公路干道—阿塔公路上，拟建的和田—阿克苏沙漠公路、吐木休克市—阿拉尔市沙漠公路、沙雅—阿拉尔市公路及正在实施的玉阿公路使得本地成为各交通干线的交汇点，人流、物流的汇集中心，为本旅游区带来大量游客。多浪湖旅游区反映了阿拉尔垦区经过几代人的艰苦创业，把塔里木河两岸建成了田园似锦、江山如画的塞外江南，为屯垦戍边、稳定边疆、发展新疆做出了卓越贡献。可以让游客正确认识兵团在新疆政治和经济生活中的重要地位和作用，提高兵团在全疆乃至全国的影响力，加速兵团的经济发展。多浪湖旅游区涵盖了水域风光、地文景观、生物景观、消闲求知健身4大类，资源类型较全面，特色鲜明，集求知、观赏及参与于一体，能够满足现代游客的多种旅游需求，塔里木银沙湾景区被评为3A级旅游区。,,,--,,,,,8
64,多浪湖水上乐园,http://travel.qunar.com/p-oi35434924-duolanghushuishangleyuan,,,,,--,,,,,8
65,天祥明珠商业街TianXiang MingZhu ShangYeJie,http://travel.qunar.com/p-oi24440580-tianxiangmingzhushang,,,,,0.0,,,具体收费情况以现场公示为主,,8
66,屯垦纪念馆红色旅游经典景区Tunken Memorial Museum Red Tourism Classic Scenic Spot,http://travel.qunar.com/p-oi20935452-tunkenjinianguanhongse,,,,,0.0,建议游览时间：1小时 - 2小时,,具体收费情况以现场公示为主,,8
67,阿拉尔市文化馆Aral Cultural Center,http://travel.qunar.com/p-oi19538345-alaershiwenhuaguan,"

地址:
阿拉尔市金银川路绿岛小区-苹果苑东侧约130米


电话:
0997-4621561

",阿拉尔市文化馆的外观很宏伟，场馆的面积很大，馆内的设施很齐全，藏品丰富，在这里能够学习到很多知识。,全年 周二-周日 10:30-20:00,https://tr-osdcp.qunarzz.com/tr-osd-tr-manager/img/29449df06d27300b75a78296ff579a5c.jpg_480x360x95_536c03ff.jpg,3.7,建议游览时间：1小时 - 2小时,,具体收费情况以现场公示为主,,8
68,塔里木大学Tarim University,http://travel.qunar.com/p-oi18715962-talimudaxue,"

地址:
新疆维吾尔自治区，阿拉尔


电话:
0997-4680614

",塔里木大学简称为“塔大”，创办于1958年10月，当时取名叫“塔里木河农业大学”。1977年秋恢复高考，塔里木大学直属农业部，在2003年获得硕士学位授予权，于2004年5月经教育部批准，更名为“塔里木大学”，为中央和新疆生产建设兵团共建。列入国家“2011计划”、“全国深化创新创业教育改革示范高校”，是中国农业大学、北京化工大学等国家重点高校对口支援高校。根据2018年6月学校官网，校园占地面积为2554亩，校舍建筑面积达62.3万平方米；专任教师854人；有11个学院，55个本科专业...塔里木大学简称为“塔大”，创办于1958年10月，当时取名叫“塔里木河农业大学”。1977年秋恢复高考，塔里木大学直属农业部，在2003年获得硕士学位授予权，于2004年5月经教育部批准，更名为“塔里木大学”，为中央和新疆生产建设兵团共建。列入国家“2011计划”、“全国深化创新创业教育改革示范高校”，是中国农业大学、北京化工大学等国家重点高校对口支援高校。根据2018年6月学校官网，校园占地面积为2554亩，校舍建筑面积达62.3万平方米；专任教师854人；有11个学院，55个本科专业；有全日制学生14000余人，其中少数民族学生占30%，内地生源学生占41%，硕士研究生为488人；图书馆藏书有130万册。在2019年4月23日，荣获全国五一劳动奖状,全年 全天开放,https://tr-osdcp.qunarzz.com/tr-osd-tr-manager/img/977c264a3b81451b93c35dc314a6f3b1.jpg_480x360x95_932368b3.jpg,4.6,建议游览时间：1小时 - 2小时,,具体收费情况以现场公示为主,,8
69,"阿拉尔塔里木河大桥Tarim River Bridge, Alear",http://travel.qunar.com/p-oi18712935-alaertalimuhedaqiao,,,,,,,,,,8
70,蓝泊湾生态观光园,http://travel.qunar.com/p-oi9201464-lanbowanshengtaiguanguang,"

地址:
新疆阿拉尔市十团苗木基地

",印象蓝泊湾生态观光园位于十团苗木基地，距离阿拉尔市中心3公里，占地2500亩，是以“创新引领、人才支撑、科技兴农”为宗旨，用现代科学技术提升农业，形成以无土栽培、高档花卉、现代观光农业南果北种为三大支柱的组织培养、科研生产、农业观光为一体的现代科技化农业生产基地，是“阿拉尔国家现代农业示范区核心区”。,10:30-19:00,https://img1.qunarzz.com/travel/poi/1604/95/c1b1479092e9a9f7.jpg_480x360x95_63992bba.jpg,5.0,,,,,8
71,塔克拉玛干·三五九旅文化旅游区,http://travel.qunar.com/p-oi37184755-takelamagansanwujiulu:,,塔克拉玛干·三五九旅文化旅游区包括三五九旅屯垦纪念馆、沙漠之门等景点，融合红色旅游、大农业观光、沙漠体育休闲等资源，是新疆建设兵团重要的红色旅游基地。,,,4.5,,,具体收费情况以现场公示为主,,9
72,沙漠之门景区,http://travel.qunar.com/p-oi36223613-shamozhimenjingqu,"

地址:
新疆维吾尔自治区阿拉尔市十一团

",沙漠之门景区，现有汽车越野挑战赛区、自驾车营地、沙漠戏水、沙漠美食节、沙疗康养、休闲娱乐等七大区域数十项主题娱乐体验项目，是国家沙漠主题公园和新疆十大精品体育赛事所在地。在这里，您可以乘坐热气球或滑翔机，以上帝视角俯瞰大沙漠的广袤；可以乘坐沙漠越野车，体验沙漠冲浪的刺激；可以骑上骆驼，体验沙漠之舟的悠闲；可以凭栏小憩，体验沙漠日光浴的温暖；也可以沙漠露营，享受恬静星河下沙漠的悠远。,全年 全天开放,,5.0,建议游览时间：3天,,10元,,9
73,塔里木多浪湖旅游区,http://travel.qunar.com/p-oi35446395-talimuduolanghulu:you,,多浪湖旅游区位于阿拉尔市—阿克苏市之间的主要公路干道—阿塔公路上，拟建的和田—阿克苏沙漠公路、吐木休克市—阿拉尔市沙漠公路、沙雅—阿拉尔市公路及正在实施的玉阿公路使得本地成为各交通干线的交汇点，人流、物流的汇集中心，为本旅游区带来大量游客。多浪湖旅游区反映了阿拉尔垦区经过几代人的艰苦创业，把塔里木河两岸建成了田园似锦、江山如画的塞外江南，为屯垦戍边、稳定边疆、发展新疆做出了卓越贡献。可以让游客正确认识兵团在新疆政治和经济生活中的重要地位和作用，...多浪湖旅游区位于阿拉尔市—阿克苏市之间的主要公路干道—阿塔公路上，拟建的和田—阿克苏沙漠公路、吐木休克市—阿拉尔市沙漠公路、沙雅—阿拉尔市公路及正在实施的玉阿公路使得本地成为各交通干线的交汇点，人流、物流的汇集中心，为本旅游区带来大量游客。多浪湖旅游区反映了阿拉尔垦区经过几代人的艰苦创业，把塔里木河两岸建成了田园似锦、江山如画的塞外江南，为屯垦戍边、稳定边疆、发展新疆做出了卓越贡献。可以让游客正确认识兵团在新疆政治和经济生活中的重要地位和作用，提高兵团在全疆乃至全国的影响力，加速兵团的经济发展。多浪湖旅游区涵盖了水域风光、地文景观、生物景观、消闲求知健身4大类，资源类型较全面，特色鲜明，集求知、观赏及参与于一体，能够满足现代游客的多种旅游需求，塔里木银沙湾景区被评为3A级旅游区。,,,--,,,,,9
74,多浪湖水上乐园,http://travel.qunar.com/p-oi35434924-duolanghushuishangleyuan,,,,,--,,,,,9
75,天祥明珠商业街TianXiang MingZhu ShangYeJie,http://travel.qunar.com/p-oi24440580-tianxiangmingzhushang,,,,,0.0,,,具体收费情况以现场公示为主,,9
76,屯垦纪念馆红色旅游经典景区Tunken Memorial Museum Red Tourism Classic Scenic Spot,http://travel.qunar.com/p-oi20935452-tunkenjinianguanhongse,,,,,0.0,建议游览时间：1小时 - 2小时,,具体收费情况以现场公示为主,,9
77,阿拉尔市文化馆Aral Cultural Center,http://travel.qunar.com/p-oi19538345-alaershiwenhuaguan,"

地址:
阿拉尔市金银川路绿岛小区-苹果苑东侧约130米


电话:
0997-4621561

",阿拉尔市文化馆的外观很宏伟，场馆的面积很大，馆内的设施很齐全，藏品丰富，在这里能够学习到很多知识。,全年 周二-周日 10:30-20:00,https://tr-osdcp.qunarzz.com/tr-osd-tr-manager/img/29449df06d27300b75a78296ff579a5c.jpg_480x360x95_536c03ff.jpg,3.7,建议游览时间：1小时 - 2小时,,具体收费情况以现场公示为主,,9
78,塔里木大学Tarim University,http://travel.qunar.com/p-oi18715962-talimudaxue,"

地址:
新疆维吾尔自治区，阿拉尔


电话:
0997-4680614

",塔里木大学简称为“塔大”，创办于1958年10月，当时取名叫“塔里木河农业大学”。1977年秋恢复高考，塔里木大学直属农业部，在2003年获得硕士学位授予权，于2004年5月经教育部批准，更名为“塔里木大学”，为中央和新疆生产建设兵团共建。列入国家“2011计划”、“全国深化创新创业教育改革示范高校”，是中国农业大学、北京化工大学等国家重点高校对口支援高校。根据2018年6月学校官网，校园占地面积为2554亩，校舍建筑面积达62.3万平方米；专任教师854人；有11个学院，55个本科专业...塔里木大学简称为“塔大”，创办于1958年10月，当时取名叫“塔里木河农业大学”。1977年秋恢复高考，塔里木大学直属农业部，在2003年获得硕士学位授予权，于2004年5月经教育部批准，更名为“塔里木大学”，为中央和新疆生产建设兵团共建。列入国家“2011计划”、“全国深化创新创业教育改革示范高校”，是中国农业大学、北京化工大学等国家重点高校对口支援高校。根据2018年6月学校官网，校园占地面积为2554亩，校舍建筑面积达62.3万平方米；专任教师854人；有11个学院，55个本科专业；有全日制学生14000余人，其中少数民族学生占30%，内地生源学生占41%，硕士研究生为488人；图书馆藏书有130万册。在2019年4月23日，荣获全国五一劳动奖状,全年 全天开放,https://tr-osdcp.qunarzz.com/tr-osd-tr-manager/img/977c264a3b81451b93c35dc314a6f3b1.jpg_480x360x95_932368b3.jpg,4.6,建议游览时间：1小时 - 2小时,,具体收费情况以现场公示为主,,9
79,"阿拉尔塔里木河大桥Tarim River Bridge, Alear",http://travel.qunar.com/p-oi18712935-alaertalimuhedaqiao,"

地址:
新疆维吾尔自治区阿拉尔市

",塔里木河大桥建成于1995年，全长605米，引道长673米，它是开发塔里木石油建的第一座大桥，是通向塔克拉玛干大沙漠的必经之桥，是塔里木河上游与中下游的分界点。大桥位于新疆维吾尔自治区阿拉尔市。,全年 全天开放,https://tr-osdcp.qunarzz.com/tr-osd-tr-manager/img/335356c47e80c3f23c61f1ab5d96a833.jpg_480x360x95_db2cd045.jpg,4.5,建议游览时间：0.5小时 - 1小时,,具体收费情况以现场公示为主,,9
80,蓝泊湾生态观光园,http://travel.qunar.com/p-oi9201464-lanbowanshengtaiguanguang,"

地址:
新疆阿拉尔市十团苗木基地

",印象蓝泊湾生态观光园位于十团苗木基地，距离阿拉尔市中心3公里，占地2500亩，是以“创新引领、人才支撑、科技兴农”为宗旨，用现代科学技术提升农业，形成以无土栽培、高档花卉、现代观光农业南果北种为三大支柱的组织培养、科研生产、农业观光为一体的现代科技化农业生产基地，是“阿拉尔国家现代农业示范区核心区”。,10:30-19:00,https://img1.qunarzz.com/travel/poi/1604/95/c1b1479092e9a9f7.jpg_480x360x95_63992bba.jpg,5.0,,,,,9
81,塔克拉玛干·三五九旅文化旅游区,http://travel.qunar.com/p-oi37184755-takelamagansanwujiulu:,,塔克拉玛干·三五九旅文化旅游区包括三五九旅屯垦纪念馆、沙漠之门等景点，融合红色旅游、大农业观光、沙漠体育休闲等资源，是新疆建设兵团重要的红色旅游基地。,,,4.5,,,具体收费情况以现场公示为主,,10
82,沙漠之门景区,http://travel.qunar.com/p-oi36223613-shamozhimenjingqu,"

地址:
新疆维吾尔自治区阿拉尔市十一团

",沙漠之门景区，现有汽车越野挑战赛区、自驾车营地、沙漠戏水、沙漠美食节、沙疗康养、休闲娱乐等七大区域数十项主题娱乐体验项目，是国家沙漠主题公园和新疆十大精品体育赛事所在地。在这里，您可以乘坐热气球或滑翔机，以上帝视角俯瞰大沙漠的广袤；可以乘坐沙漠越野车，体验沙漠冲浪的刺激；可以骑上骆驼，体验沙漠之舟的悠闲；可以凭栏小憩，体验沙漠日光浴的温暖；也可以沙漠露营，享受恬静星河下沙漠的悠远。,全年 全天开放,,5.0,建议游览时间：3天,,10元,,10
83,塔里木多浪湖旅游区,http://travel.qunar.com/p-oi35446395-talimuduolanghulu:you,,多浪湖旅游区位于阿拉尔市—阿克苏市之间的主要公路干道—阿塔公路上，拟建的和田—阿克苏沙漠公路、吐木休克市—阿拉尔市沙漠公路、沙雅—阿拉尔市公路及正在实施的玉阿公路使得本地成为各交通干线的交汇点，人流、物流的汇集中心，为本旅游区带来大量游客。多浪湖旅游区反映了阿拉尔垦区经过几代人的艰苦创业，把塔里木河两岸建成了田园似锦、江山如画的塞外江南，为屯垦戍边、稳定边疆、发展新疆做出了卓越贡献。可以让游客正确认识兵团在新疆政治和经济生活中的重要地位和作用，...多浪湖旅游区位于阿拉尔市—阿克苏市之间的主要公路干道—阿塔公路上，拟建的和田—阿克苏沙漠公路、吐木休克市—阿拉尔市沙漠公路、沙雅—阿拉尔市公路及正在实施的玉阿公路使得本地成为各交通干线的交汇点，人流、物流的汇集中心，为本旅游区带来大量游客。多浪湖旅游区反映了阿拉尔垦区经过几代人的艰苦创业，把塔里木河两岸建成了田园似锦、江山如画的塞外江南，为屯垦戍边、稳定边疆、发展新疆做出了卓越贡献。可以让游客正确认识兵团在新疆政治和经济生活中的重要地位和作用，提高兵团在全疆乃至全国的影响力，加速兵团的经济发展。多浪湖旅游区涵盖了水域风光、地文景观、生物景观、消闲求知健身4大类，资源类型较全面，特色鲜明，集求知、观赏及参与于一体，能够满足现代游客的多种旅游需求，塔里木银沙湾景区被评为3A级旅游区。,,,--,,,,,10
84,多浪湖水上乐园,http://travel.qunar.com/p-oi35434924-duolanghushuishangleyuan,,,,,--,,,,,10
85,天祥明珠商业街TianXiang MingZhu ShangYeJie,http://travel.qunar.com/p-oi24440580-tianxiangmingzhushang,,,,,0.0,,,具体收费情况以现场公示为主,,10
86,屯垦纪念馆红色旅游经典景区Tunken Memorial Museum Red Tourism Classic Scenic Spot,http://travel.qunar.com/p-oi20935452-tunkenjinianguanhongse,,,,,0.0,建议游览时间：1小时 - 2小时,,具体收费情况以现场公示为主,,10
87,阿拉尔市文化馆Aral Cultural Center,http://travel.qunar.com/p-oi19538345-alaershiwenhuaguan,"

地址:
阿拉尔市金银川路绿岛小区-苹果苑东侧约130米


电话:
0997-4621561

",阿拉尔市文化馆的外观很宏伟，场馆的面积很大，馆内的设施很齐全，藏品丰富，在这里能够学习到很多知识。,全年 周二-周日 10:30-20:00,https://tr-osdcp.qunarzz.com/tr-osd-tr-manager/img/29449df06d27300b75a78296ff579a5c.jpg_480x360x95_536c03ff.jpg,3.7,建议游览时间：1小时 - 2小时,,具体收费情况以现场公示为主,,10
88,塔里木大学Tarim University,http://travel.qunar.com/p-oi18715962-talimudaxue,,,,,,,,,,10
89,"阿拉尔塔里木河大桥Tarim River Bridge, Alear",http://travel.qunar.com/p-oi18712935-alaertalimuhedaqiao,"

地址:
新疆维吾尔自治区阿拉尔市

",塔里木河大桥建成于1995年，全长605米，引道长673米，它是开发塔里木石油建的第一座大桥，是通向塔克拉玛干大沙漠的必经之桥，是塔里木河上游与中下游的分界点。大桥位于新疆维吾尔自治区阿拉尔市。,全年 全天开放,https://tr-osdcp.qunarzz.com/tr-osd-tr-manager/img/335356c47e80c3f23c61f1ab5d96a833.jpg_480x360x95_db2cd045.jpg,4.5,建议游览时间：0.5小时 - 1小时,,具体收费情况以现场公示为主,,10
90,蓝泊湾生态观光园,http://travel.qunar.com/p-oi9201464-lanbowanshengtaiguanguang,"

地址:
新疆阿拉尔市十团苗木基地

",印象蓝泊湾生态观光园位于十团苗木基地，距离阿拉尔市中心3公里，占地2500亩，是以“创新引领、人才支撑、科技兴农”为宗旨，用现代科学技术提升农业，形成以无土栽培、高档花卉、现代观光农业南果北种为三大支柱的组织培养、科研生产、农业观光为一体的现代科技化农业生产基地，是“阿拉尔国家现代农业示范区核心区”。,10:30-19:00,https://img1.qunarzz.com/travel/poi/1604/95/c1b1479092e9a9f7.jpg_480x360x95_63992bba.jpg,5.0,,,,,10
